Dataset,Users,Items,Interactions,Sparsity (%),Density (%),Avg per User,Avg per Item
beauty,729576,207649,6624441,99.99562731%,0.00437269%,9.08,31.9
clothing,2524981,714957,23102537,99.99872026%,0.00127974%,9.15,32.31
electronics,1641026,368228,15473536,99.99743931%,0.00256069%,9.43,42.02
