Dataset,N Users,N Items,N Interactions,Possible Interactions,Density,Sparsity
beauty,729576,207649,6624441,151495726824,0.00437269%,99.99562731%
clothing,2524981,714957,23102537,1805252840817,0.00127974%,99.99872026%
electronics,1641026,368228,15473536,604271721928,0.00256069%,99.99743931%
