Dataset,Model,recall@10,recall@20,recall@50,ndcg@10,ndcg@20,ndcg@50,precision@10,precision@20,precision@50
Beauty,DiffMM,0.044703155669605345,0.06772697711606074,0.1176875559574608,0.026576891894849682,0.032810774789693645,0.04341424116097164,0.006142547154064433,0.004673677182440328,0.0032415289601068283
Beauty,LATTICE,0.04404589688765953,0.06573899820018998,0.11258001674876988,0.0257594152025543,0.0317370355950039,0.041658724578378235,0.006009013520280422,0.004590218661325323,0.003104656985478218
Beauty,MICRO,0.04841554660032377,0.07367148606507645,0.12122997275726372,0.028215445021057467,0.03504852830220781,0.045281856594965315,0.0066432982807544646,0.005024202971123354,0.0033683859122016374
Clothing,DiffMM,0.028741496598639452,0.045229738086880945,0.0824815306958164,0.015807179564261985,0.020201817830917516,0.02795733854088302,0.0038434538434538434,0.0029835029835029833,0.002197262197262198
Clothing,LATTICE,0.029506175934747362,0.04684266827123971,0.08420832706546992,0.016156877375339346,0.020759418720276444,0.028537858748285412,0.003878553878553879,0.003053703053703054,0.0021797121797121808
Clothing,MICRO,0.034952531381102804,0.05040239683096827,0.08588017516588944,0.018930515757652703,0.023038741581351215,0.030471474219676862,0.004685854685854686,0.00330817830817831,0.002253422253422254
Electronics,DiffMM,0.04821275133184395,0.07222031276851693,0.11849544595291286,0.028024312634085342,0.034615923681631064,0.04434997029639103,0.006788107922323425,0.005086784670905656,0.0032686028527238366
Electronics,LATTICE,0.04451223005098242,0.06742853869507935,0.10985462237825186,0.02573983339076036,0.031908829698879745,0.04085572081040835,0.006169444921807872,0.004648565045540473,0.003014263619178555
Electronics,MICRO,0.04783754367875351,0.07395314200607206,0.12206441951243463,0.028085003318937495,0.035242169934914684,0.04536797956714896,0.0067021825055851554,0.005198487712665408,0.003347654236123047
