Dataset,Model,Full R@20,No-Visual R@20,No-Text R@20,Visual Drop (%),Text Drop (%),Dominant
Beauty,LATTICE,0.08746301290483913,0.08722864875079393,0.07714475614724413,0.2679580159217534,11.797280261567703,Text
Beauty,MICRO,0.09747286668494327,0.08455467801278584,0.0732248321100386,13.253112493256467,24.87670199880382,Text
Beauty,DiffMM,0.010817726302657512,0.011302344194798175,0.010322089495021825,-4.479849818548383,4.581709628888716,Text
Clothing,LATTICE,0.0750156143884367,0.07994006338954077,0.060812366474387376,-6.564565312502664,18.93372203885953,Text
Clothing,MICRO,0.07698613891993684,0.0654204973020304,0.0585606034212306,15.023018143479504,23.93357526069494,Text
Clothing,DiffMM,0.011334844958538336,0.009468054415789608,0.010910138610487043,16.4694845811941,3.7469091955366305,Visual
Electronics,LATTICE,0.0657566577139843,0.06153518082225213,0.05788507643413138,6.419847112810903,11.970774600636206,Text
Electronics,MICRO,0.0681972365611785,0.07537078135772601,0.06225088442669307,-10.518820348552183,8.719344704167108,Neither
Electronics,DiffMM,0.009883036255551845,0.010063355200484974,0.012419003389872445,-1.8245298334490445,-25.6597979481863,Neither
